{"cameraMode":{"drawMode":0,"name":"Shaded","section":"Shading Mode"},"sceneLighting":true,"audioPlay":false,"sceneViewState":{"m_AlwaysRefresh":true,"showFog":true,"showSkybox":true,"showFlares":true,"showImageEffects":true,"showParticleSystems":true,"showVisualEffectGraphs":true,"m_FxEnabled":true},"in2DMode":false,"pivot":{"x":5.8576507568359379,"y":5.636349678039551,"z":6.267239570617676},"rotation":{"x":0.37622347474098208,"y":0.08183178305625916,"z":-0.03338726609945297,"w":0.922313392162323},"size":10.369301795959473,"orthographic":false}